{"accuracy": [0.5320122241973877, 0.7086890339851379], "loss": [1.2762730121612549, 0.8199627995491028], "val_accuracy": [0.3985374867916107, 0.6063376069068909], "val_loss": [1.9279100894927979, 1.0854439735412598]}