{"loss": [1.3604031801223755, 1.0544074773788452, 0.9112656116485596, 0.8224404454231262, 0.7480221390724182, 0.6965421438217163, 0.6311542391777039, 0.6053715348243713, 0.5515926480293274, 0.528039276599884], "accuracy": [0.5351440906524658, 0.6498030424118042, 0.6976985335350037, 0.7343976497650146, 0.7607298493385315, 0.7800124287605286, 0.7988803386688232, 0.8094546794891357, 0.8245905041694641, 0.8312253952026367], "val_loss": [2.4705708026885986, 2.2530405521392822, 1.6385557651519775, 1.0052754878997803, 0.7017732858657837, 0.7022249102592468, 0.6167555451393127, 0.6066386699676514, 0.6068686842918396, 0.6035183072090149], "val_accuracy": [0.24626865983009338, 0.25456053018569946, 0.3225539028644562, 0.676616907119751, 0.7877280116081238, 0.7620232105255127, 0.8109452724456787, 0.7976782917976379, 0.8117744326591492, 0.8051409721374512]}